/content/CloudChamber/images/output_0005.png,88,119,140,144,alpha
/content/CloudChamber/images/output_0006.png,81,122,119,140,alpha
/content/CloudChamber/images/output_0010.png,367,1,400,52,alpha
/content/CloudChamber/images/output_0011.png,371,1,400,47,alpha
/content/CloudChamber/images/output_0011.png,34,75,58,89,alpha
/content/CloudChamber/images/output_0015.png,196,98,263,117,alpha
/content/CloudChamber/images/output_0016.png,193,101,255,122,alpha
/content/CloudChamber/images/output_0021.png,522,72,565,98,alpha
/content/CloudChamber/images/output_0021.png,37,5,73,16,alpha
/content/CloudChamber/images/output_0022.png,531,78,564,96,alpha
/content/CloudChamber/images/output_0026.png,35,12,56,24,alpha
/content/CloudChamber/images/output_0029.png,352,33,373,61,alpha
/content/CloudChamber/images/output_0030.png,353,35,375,59,alpha
/content/CloudChamber/images/output_0036.png,510,235,534,327,alpha
/content/CloudChamber/images/output_0037.png,519,241,543,328,alpha
/content/CloudChamber/images/output_0038.png,98,75,135,93,alpha
/content/CloudChamber/images/output_0038.png,74,10,131,27,alpha
/content/CloudChamber/images/output_0039.png,90,78,151,93,alpha
/content/CloudChamber/images/output_0039.png,361,133,389,194,alpha
/content/CloudChamber/images/output_0039.png,77,10,124,23,alpha
/content/CloudChamber/images/output_0040.png,361,138,392,203,alpha
/content/CloudChamber/images/output_0040.png,436,1,455,25,alpha
/content/CloudChamber/images/output_0042.png,205,115,258,132,alpha
/content/CloudChamber/images/output_0043.png,227,85,287,101,alpha
/content/CloudChamber/images/output_0043.png,204,116,249,133,alpha
/content/CloudChamber/images/output_0044.png,229,87,287,102,alpha
/content/CloudChamber/images/output_0044.png,381,200,436,240,alpha
/content/CloudChamber/images/output_0044.png,302,13,317,31,alpha
/content/CloudChamber/images/output_0045.png,304,10,320,29,alpha
/content/CloudChamber/images/output_0045.png,265,44,290,81,alpha
/content/CloudChamber/images/output_0045.png,381,204,436,245,alpha
/content/CloudChamber/images/output_0046.png,265,46,291,82,alpha
/content/CloudChamber/images/output_0048.png,381,21,392,34,alpha
/content/CloudChamber/images/output_0049.png,381,19,396,33,alpha
/content/CloudChamber/images/output_0051.png,421,220,477,249,alpha
/content/CloudChamber/images/output_0052.png,375,46,390,67,alpha
/content/CloudChamber/images/output_0052.png,422,222,481,255,alpha
/content/CloudChamber/images/output_0052.png,58,62,76,75,alpha
/content/CloudChamber/images/output_0053.png,45,65,60,74,alpha
/content/CloudChamber/images/output_0055.png,14,74,59,102,alpha
/content/CloudChamber/images/output_0058.png,337,29,352,45,alpha
/content/CloudChamber/images/output_0059.png,252,37,285,65,alpha
/content/CloudChamber/images/output_0059.png,340,28,355,41,alpha
/content/CloudChamber/images/output_0059.png,386,1,408,43,alpha
/content/CloudChamber/images/output_0060.png,252,33,284,65,alpha
/content/CloudChamber/images/output_0060.png,127,139,143,153,alpha
/content/CloudChamber/images/output_0060.png,387,1,411,42,alpha
/content/CloudChamber/images/output_0061.png,255,36,283,62,alpha
/content/CloudChamber/images/output_0061.png,117,143,141,158,alpha
/content/CloudChamber/images/output_0064.png,122,140,152,174,alpha
/content/CloudChamber/images/output_0064.png,483,3,510,22,alpha
/content/CloudChamber/images/output_0065.png,107,143,140,177,alpha
/content/CloudChamber/images/output_0065.png,490,1,514,21,alpha
/content/CloudChamber/images/output_0066.png,100,144,133,176,alpha
/content/CloudChamber/images/output_0069.png,226,245,250,283,alpha
/content/CloudChamber/images/output_0069.png,273,218,299,284,alpha
/content/CloudChamber/images/output_0070.png,216,253,246,295,alpha
/content/CloudChamber/images/output_0070.png,272,221,300,289,alpha
/content/CloudChamber/images/output_0074.png,282,10,305,31,alpha
/content/CloudChamber/images/output_0075.png,363,1,380,43,alpha
/content/CloudChamber/images/output_0076.png,364,1,383,40,alpha
/content/CloudChamber/images/output_0077.png,369,12,382,31,alpha
/content/CloudChamber/images/output_0077.png,119,104,153,122,alpha
/content/CloudChamber/images/output_0077.png,509,102,566,120,alpha
/content/CloudChamber/images/output_0078.png,112,107,146,127,alpha
/content/CloudChamber/images/output_0078.png,518,107,579,121,alpha
/content/CloudChamber/images/output_0080.png,402,273,441,327,alpha
/content/CloudChamber/images/output_0081.png,452,96,475,115,alpha
/content/CloudChamber/images/output_0081.png,412,285,445,328,alpha
/content/CloudChamber/images/output_0082.png,455,99,481,118,alpha
/content/CloudChamber/images/output_0082.png,57,289,75,306,alpha
/content/CloudChamber/images/output_0083.png,42,300,57,316,alpha
/content/CloudChamber/images/output_0083.png,458,100,485,118,alpha
/content/CloudChamber/images/output_0084.png,572,143,602,176,alpha
/content/CloudChamber/images/output_0089.png,226,28,256,63,alpha
/content/CloudChamber/images/output_0090.png,226,26,255,61,alpha
/content/CloudChamber/images/output_0096.png,528,1,563,34,alpha
/content/CloudChamber/images/output_0097.png,43,7,74,24,alpha
/content/CloudChamber/images/output_0100.png,514,224,531,262,alpha
/content/CloudChamber/images/output_0101.png,517,229,529,262,alpha
/content/CloudChamber/images/output_0104.png,337,24,358,48,alpha
/content/CloudChamber/images/output_0105.png,338,19,358,45,alpha
/content/CloudChamber/images/output_0105.png,323,82,339,99,alpha
/content/CloudChamber/images/output_0105.png,338,263,355,290,alpha
/content/CloudChamber/images/output_0106.png,323,83,339,101,alpha
/content/CloudChamber/images/output_0106.png,342,19,355,33,alpha
/content/CloudChamber/images/output_0106.png,277,119,299,141,alpha
/content/CloudChamber/images/output_0106.png,334,268,355,290,alpha
/content/CloudChamber/images/output_0107.png,271,124,299,150,alpha
/content/CloudChamber/images/output_0108.png,270,127,292,150,alpha
/content/CloudChamber/images/output_0111.png,305,208,325,263,alpha
/content/CloudChamber/images/output_0112.png,304,216,322,264,alpha
/content/CloudChamber/images/output_0116.png,390,144,420,176,alpha
/content/CloudChamber/images/output_0116.png,455,186,471,228,alpha
/content/CloudChamber/images/output_0116.png,547,36,582,50,alpha
/content/CloudChamber/images/output_0117.png,391,148,422,185,alpha
/content/CloudChamber/images/output_0117.png,454,190,469,217,alpha
/content/CloudChamber/images/output_0118.png,394,151,421,183,alpha
/content/CloudChamber/images/output_0123.png,259,131,313,151,alpha
/content/CloudChamber/images/output_0124.png,257,134,307,156,alpha
/content/CloudChamber/images/output_0125.png,501,61,520,75,alpha
/content/CloudChamber/images/output_0126.png,508,63,531,79,alpha
/content/CloudChamber/images/output_0127.png,419,1,447,15,alpha
/content/CloudChamber/images/output_0129.png,321,162,378,186,alpha
/content/CloudChamber/images/output_0130.png,320,167,377,193,alpha
/content/CloudChamber/images/output_0131.png,338,169,367,191,alpha
/content/CloudChamber/images/output_0135.png,360,33,381,90,alpha
/content/CloudChamber/images/output_0136.png,360,34,381,86,alpha
/content/CloudChamber/images/output_0150.png,297,219,316,243,alpha
/content/CloudChamber/images/output_0150.png,11,110,47,135,alpha
/content/CloudChamber/images/output_0151.png,286,221,311,254,alpha
/content/CloudChamber/images/output_0152.png,289,233,307,254,alpha
/content/CloudChamber/images/output_0154.png,399,1,412,25,alpha
/content/CloudChamber/images/output_0155.png,401,1,416,16,alpha
/content/CloudChamber/images/output_0155.png,521,144,568,167,alpha
/content/CloudChamber/images/output_0156.png,531,148,579,170,alpha
/content/CloudChamber/images/output_0159.png,367,188,409,245,alpha
/content/CloudChamber/images/output_0160.png,367,195,412,255,alpha
/content/CloudChamber/images/output_0160.png,257,70,284,122,alpha
/content/CloudChamber/images/output_0161.png,255,74,283,127,alpha
/content/CloudChamber/images/output_0161.png,393,234,411,256,alpha
/content/CloudChamber/images/output_0164.png,51,50,75,73,alpha
/content/CloudChamber/images/output_0164.png,262,281,326,330,alpha
/content/CloudChamber/images/output_0165.png,31,53,59,71,alpha
/content/CloudChamber/images/output_0165.png,269,291,322,330,alpha
/content/CloudChamber/images/output_0167.png,536,107,566,130,alpha
/content/CloudChamber/images/output_0168.png,544,111,579,134,alpha
/content/CloudChamber/images/output_0169.png,541,77,561,90,alpha
/content/CloudChamber/images/output_0170.png,554,80,574,94,alpha
/content/CloudChamber/images/output_0178.png,293,310,326,329,alpha
/content/CloudChamber/images/output_0178.png,337,197,388,213,alpha
/content/CloudChamber/images/output_0178.png,218,1,260,17,alpha
/content/CloudChamber/images/output_0178.png,45,1,78,12,alpha
/content/CloudChamber/images/output_0179.png,225,1,256,18,alpha
/content/CloudChamber/images/output_0179.png,330,203,390,226,alpha
/content/CloudChamber/images/output_0180.png,333,209,387,227,alpha
/content/CloudChamber/images/output_0180.png,228,1,248,9,alpha
/content/CloudChamber/images/output_0183.png,496,117,510,141,alpha
/content/CloudChamber/images/output_0184.png,500,120,519,144,alpha
/content/CloudChamber/images/output_0184.png,237,198,303,224,alpha
/content/CloudChamber/images/output_0185.png,249,33,279,84,alpha
/content/CloudChamber/images/output_0185.png,228,207,303,236,alpha
/content/CloudChamber/images/output_0186.png,249,34,279,80,alpha
/content/CloudChamber/images/output_0186.png,224,212,285,241,alpha
/content/CloudChamber/images/output_0187.png,472,163,487,196,alpha
/content/CloudChamber/images/output_0188.png,474,155,488,185,alpha
/content/CloudChamber/images/output_0188.png,91,129,146,159,alpha
/content/CloudChamber/images/output_0189.png,80,134,140,168,alpha
/content/CloudChamber/images/output_0190.png,423,23,445,41,alpha
/content/CloudChamber/images/output_0190.png,108,145,135,165,alpha
/content/CloudChamber/images/output_0191.png,423,19,455,39,alpha
/content/CloudChamber/images/output_0191.png,403,94,446,133,alpha
/content/CloudChamber/images/output_0192.png,434,18,458,36,alpha
/content/CloudChamber/images/output_0192.png,405,96,446,133,alpha
/content/CloudChamber/images/output_0192.png,466,119,488,156,alpha
/content/CloudChamber/images/output_0193.png,469,124,496,161,alpha
/content/CloudChamber/images/output_0193.png,344,21,393,45,alpha
/content/CloudChamber/images/output_0193.png,1,186,40,205,alpha
/content/CloudChamber/images/output_0194.png,1,193,16,209,alpha
/content/CloudChamber/images/output_0194.png,348,15,398,44,alpha
/content/CloudChamber/images/output_0194.png,472,130,491,160,alpha
/content/CloudChamber/images/output_0195.png,352,12,398,39,alpha
/content/CloudChamber/images/output_0196.png,267,207,353,230,alpha
/content/CloudChamber/images/output_0196.png,318,270,348,307,alpha
/content/CloudChamber/images/output_0197.png,264,208,357,238,alpha
/content/CloudChamber/images/output_0197.png,319,283,348,321,alpha
/content/CloudChamber/images/output_0198.png,267,217,348,241,alpha
/content/CloudChamber/images/output_0200.png,543,258,564,279,alpha
/content/CloudChamber/images/output_0201.png,551,265,576,288,alpha
/content/CloudChamber/images/output_0201.png,455,229,475,245,alpha
/content/CloudChamber/images/output_0202.png,460,238,482,260,alpha
/content/CloudChamber/images/output_0202.png,565,274,581,291,alpha
/content/CloudChamber/images/output_0203.png,410,141,432,195,alpha
/content/CloudChamber/images/output_0203.png,464,243,488,266,alpha
/content/CloudChamber/images/output_0204.png,411,147,433,200,alpha
/content/CloudChamber/images/output_0206.png,396,184,455,222,alpha
/content/CloudChamber/images/output_0209.png,152,1,171,21,alpha
/content/CloudChamber/images/output_0210.png,148,1,171,18,alpha
/content/CloudChamber/images/output_0211.png,169,26,221,41,alpha
/content/CloudChamber/images/output_0211.png,378,233,399,259,alpha
/content/CloudChamber/images/output_0212.png,166,25,225,44,alpha
/content/CloudChamber/images/output_0212.png,355,99,381,130,alpha
/content/CloudChamber/images/output_0212.png,380,239,402,265,alpha
/content/CloudChamber/images/output_0213.png,355,102,381,133,alpha
/content/CloudChamber/images/output_0213.png,166,30,188,42,alpha
/content/CloudChamber/images/output_0213.png,380,243,400,265,alpha
/content/CloudChamber/images/output_0213.png,217,189,241,241,alpha
/content/CloudChamber/images/output_0214.png,196,189,225,206,alpha
/content/CloudChamber/images/output_0214.png,358,104,381,129,alpha
/content/CloudChamber/images/output_0215.png,197,196,221,215,alpha
/content/CloudChamber/images/output_0216.png,194,200,216,212,alpha
/content/CloudChamber/images/output_0217.png,401,56,470,85,alpha
/content/CloudChamber/images/output_0217.png,446,131,474,149,alpha
/content/CloudChamber/images/output_0218.png,406,57,472,82,alpha
/content/CloudChamber/images/output_0218.png,452,134,475,146,alpha
/content/CloudChamber/images/output_0221.png,78,1,106,14,alpha
/content/CloudChamber/images/output_0222.png,75,2,99,11,alpha
/content/CloudChamber/images/output_0225.png,224,258,293,286,alpha
/content/CloudChamber/images/output_0225.png,450,274,489,320,alpha
/content/CloudChamber/images/output_0226.png,223,260,287,288,alpha
/content/CloudChamber/images/output_0226.png,453,284,491,333,alpha
/content/CloudChamber/images/output_0227.png,464,292,499,328,alpha
/content/CloudChamber/images/output_0229.png,237,17,292,46,alpha
/content/CloudChamber/images/output_0230.png,239,15,291,43,alpha
/content/CloudChamber/images/output_0230.png,169,15,211,42,alpha
/content/CloudChamber/images/output_0231.png,168,15,209,43,alpha
/content/CloudChamber/images/output_0231.png,241,13,287,38,alpha
/content/CloudChamber/images/output_0231.png,250,175,261,188,alpha
/content/CloudChamber/images/output_0232.png,245,180,263,196,alpha
/content/CloudChamber/images/output_0233.png,246,185,258,198,alpha
/content/CloudChamber/images/output_0233.png,134,289,167,307,alpha
/content/CloudChamber/images/output_0234.png,134,297,161,314,alpha
/content/CloudChamber/images/output_0235.png,36,149,58,164,alpha
/content/CloudChamber/images/output_0236.png,18,149,42,167,alpha
/content/CloudChamber/images/output_0236.png,378,1,424,81,alpha
/content/CloudChamber/images/output_0237.png,379,1,426,80,alpha
/content/CloudChamber/images/output_0237.png,89,233,123,268,alpha
/content/CloudChamber/images/output_0238.png,73,237,114,276,alpha
/content/CloudChamber/images/output_0239.png,61,247,87,267,alpha
/content/CloudChamber/images/output_0239.png,414,141,437,156,alpha
/content/CloudChamber/images/output_0240.png,411,144,444,159,alpha
/content/CloudChamber/images/output_0244.png,180,242,204,332,alpha
/content/CloudChamber/images/output_0244.png,437,1,468,52,alpha
/content/CloudChamber/images/output_0245.png,174,251,195,332,alpha
/content/CloudChamber/images/output_0245.png,439,1,475,50,alpha
/content/CloudChamber/images/output_0246.png,189,201,204,218,alpha
/content/CloudChamber/images/output_0247.png,188,209,209,224,alpha
/content/CloudChamber/images/output_0249.png,345,77,366,94,alpha
/content/CloudChamber/images/output_0250.png,346,80,362,95,alpha
/content/CloudChamber/images/output_0250.png,450,101,519,144,alpha
/content/CloudChamber/images/output_0251.png,453,103,520,146,alpha
/content/CloudChamber/images/output_0252.png,485,122,524,147,alpha
/content/CloudChamber/images/output_0254.png,293,285,317,306,alpha
/content/CloudChamber/images/output_0255.png,290,302,314,324,alpha
/content/CloudChamber/images/output_0257.png,323,51,345,92,alpha
/content/CloudChamber/images/output_0257.png,475,24,502,71,alpha
/content/CloudChamber/images/output_0258.png,322,55,349,96,alpha
/content/CloudChamber/images/output_0258.png,479,24,508,74,alpha
/content/CloudChamber/images/output_0259.png,535,165,584,196,alpha
/content/CloudChamber/images/output_0259.png,323,60,343,87,alpha
/content/CloudChamber/images/output_0260.png,549,170,599,194,alpha
/content/CloudChamber/images/output_0263.png,511,1,541,24,alpha
/content/CloudChamber/images/output_0264.png,523,1,546,17,alpha
/content/CloudChamber/images/output_0272.png,340,48,373,68,alpha
/content/CloudChamber/images/output_0273.png,343,46,373,64,alpha
/content/CloudChamber/images/output_0274.png,305,202,362,229,alpha
/content/CloudChamber/images/output_0275.png,303,204,361,238,alpha
/content/CloudChamber/images/output_0277.png,421,53,472,69,alpha
/content/CloudChamber/images/output_0278.png,424,55,473,69,alpha
/content/CloudChamber/images/output_0279.png,436,53,468,68,alpha
/content/CloudChamber/images/output_0286.png,461,53,541,80,alpha
/content/CloudChamber/images/output_0286.png,449,145,498,172,alpha
/content/CloudChamber/images/output_0287.png,247,192,276,218,alpha
/content/CloudChamber/images/output_0287.png,451,149,502,176,alpha
/content/CloudChamber/images/output_0287.png,466,53,548,81,alpha
/content/CloudChamber/images/output_0288.png,244,196,278,222,alpha
/content/CloudChamber/images/output_0293.png,243,203,288,242,alpha
/content/CloudChamber/images/output_0294.png,248,211,284,247,alpha
/content/CloudChamber/images/output_0301.png,452,36,472,80,alpha
/content/CloudChamber/images/output_0301.png,493,251,556,272,alpha
/content/CloudChamber/images/output_0302.png,452,37,478,81,alpha
/content/CloudChamber/images/output_0302.png,415,280,436,333,alpha
/content/CloudChamber/images/output_0302.png,503,254,567,284,alpha
/content/CloudChamber/images/output_0303.png,420,310,437,330,alpha
/content/CloudChamber/images/output_0303.png,518,266,569,290,alpha
/content/CloudChamber/images/output_0304.png,331,27,378,65,alpha
/content/CloudChamber/images/output_0305.png,331,28,373,64,alpha
/content/CloudChamber/images/output_0305.png,351,173,407,222,alpha
/content/CloudChamber/images/output_0306.png,347,179,410,229,alpha
/content/CloudChamber/images/output_0307.png,381,182,405,206,alpha
/content/CloudChamber/images/output_0308.png,158,289,195,314,alpha
/content/CloudChamber/images/output_0309.png,154,297,196,323,alpha
/content/CloudChamber/images/output_0311.png,564,256,584,271,alpha
/content/CloudChamber/images/output_0312.png,570,261,604,279,alpha
/content/CloudChamber/images/output_0317.png,526,72,554,90,alpha
/content/CloudChamber/images/output_0318.png,529,73,561,91,alpha
/content/CloudChamber/images/output_0318.png,287,58,310,115,alpha
/content/CloudChamber/images/output_0319.png,285,58,308,115,alpha
/content/CloudChamber/images/output_0320.png,337,159,376,197,alpha
/content/CloudChamber/images/output_0321.png,337,164,376,205,alpha
/content/CloudChamber/images/output_0322.png,343,171,375,206,alpha
/content/CloudChamber/images/output_0323.png,192,156,231,174,alpha
/content/CloudChamber/images/output_0324.png,190,166,228,184,alpha
/content/CloudChamber/images/output_0325.png,191,168,225,190,alpha
/content/CloudChamber/images/output_0327.png,456,80,482,95,alpha
/content/CloudChamber/images/output_0328.png,459,80,485,96,alpha
/content/CloudChamber/images/output_0328.png,262,104,310,135,alpha
/content/CloudChamber/images/output_0328.png,249,4,268,27,alpha
/content/CloudChamber/images/output_0329.png,263,109,301,133,alpha
/content/CloudChamber/images/output_0329.png,302,56,372,119,alpha
/content/CloudChamber/images/output_0329.png,251,1,264,16,alpha
/content/CloudChamber/images/output_0330.png,305,65,330,94,alpha
/content/CloudChamber/images/output_0335.png,525,129,558,177,alpha
/content/CloudChamber/images/output_0336.png,251,18,275,40,alpha
/content/CloudChamber/images/output_0336.png,531,131,566,177,alpha
/content/CloudChamber/images/output_0337.png,251,18,272,35,alpha
/content/CloudChamber/images/output_0338.png,581,171,607,223,alpha
/content/CloudChamber/images/output_0347.png,120,33,167,59,alpha
/content/CloudChamber/images/output_0347.png,258,242,286,324,alpha
/content/CloudChamber/images/output_0348.png,115,33,162,58,alpha
/content/CloudChamber/images/output_0348.png,245,247,281,331,alpha
/content/CloudChamber/images/output_0349.png,258,247,280,276,alpha
/content/CloudChamber/images/output_0358.png,480,147,573,166,alpha
/content/CloudChamber/images/output_0359.png,482,151,584,169,alpha
/content/CloudChamber/images/output_0359.png,306,60,331,100,alpha
/content/CloudChamber/images/output_0360.png,306,61,330,99,alpha
/content/CloudChamber/images/output_0360.png,488,150,584,171,alpha
/content/CloudChamber/images/output_0361.png,305,62,331,102,alpha
/content/CloudChamber/images/output_0361.png,491,153,578,170,alpha
/content/CloudChamber/images/output_0362.png,311,62,328,91,alpha
/content/CloudChamber/images/output_0364.png,145,1,171,33,alpha
/content/CloudChamber/images/output_0365.png,141,1,170,31,alpha
/content/CloudChamber/images/output_0369.png,408,153,466,186,alpha
/content/CloudChamber/images/output_0369.png,462,1,482,17,alpha
/content/CloudChamber/images/output_0370.png,462,1,481,17,alpha
/content/CloudChamber/images/output_0370.png,407,153,466,187,alpha
/content/CloudChamber/images/output_0371.png,407,157,467,191,alpha
/content/CloudChamber/images/output_0371.png,466,1,481,15,alpha
/content/CloudChamber/images/output_0373.png,561,180,595,227,alpha
/content/CloudChamber/images/output_0385.png,387,165,433,227,alpha
/content/CloudChamber/images/output_0386.png,390,173,425,217,alpha
/content/CloudChamber/images/output_0389.png,58,305,87,335,alpha
/content/CloudChamber/images/output_0390.png,42,300,61,318,alpha
/content/CloudChamber/images/output_0390.png,373,1,408,28,alpha
/content/CloudChamber/images/output_0391.png,383,1,408,20,alpha
/content/CloudChamber/images/output_0393.png,132,124,250,171,alpha
/content/CloudChamber/images/output_0394.png,128,131,230,171,alpha
/content/CloudChamber/images/output_0394.png,190,127,210,151,alpha
/content/CloudChamber/images/output_0394.png,4,99,67,114,alpha
/content/CloudChamber/images/output_0395.png,189,131,207,155,alpha
/content/CloudChamber/images/output_0395.png,130,131,155,147,alpha
/content/CloudChamber/images/output_0395.png,80,118,103,142,alpha
/content/CloudChamber/images/output_0395.png,17,99,57,116,alpha
/content/CloudChamber/images/output_0396.png,30,107,48,123,alpha
/content/CloudChamber/images/output_0396.png,72,121,100,144,alpha
/content/CloudChamber/images/output_0396.png,184,133,209,156,alpha
/content/CloudChamber/images/output_0397.png,216,259,261,321,alpha
/content/CloudChamber/images/output_0398.png,214,264,256,329,alpha
/content/CloudChamber/images/output_0399.png,216,268,259,330,alpha
/content/CloudChamber/images/output_0401.png,249,306,281,330,alpha
/content/CloudChamber/images/output_0408.png,125,49,151,91,alpha
/content/CloudChamber/images/output_0409.png,120,51,143,95,alpha
/content/CloudChamber/images/output_0410.png,118,53,138,80,alpha
/content/CloudChamber/images/output_0415.png,47,40,111,59,alpha
/content/CloudChamber/images/output_0416.png,49,40,102,55,alpha
/content/CloudChamber/images/output_0416.png,114,23,149,44,alpha
/content/CloudChamber/images/output_0417.png,108,22,141,42,alpha
/content/CloudChamber/images/output_0418.png,99,21,124,32,alpha
/content/CloudChamber/images/output_0418.png,449,218,467,259,alpha
/content/CloudChamber/images/output_0419.png,454,221,472,265,alpha
/content/CloudChamber/images/output_0419.png,467,188,523,206,alpha
/content/CloudChamber/images/output_0420.png,467,194,520,210,alpha
/content/CloudChamber/images/output_0420.png,297,255,317,292,alpha
/content/CloudChamber/images/output_0421.png,299,265,322,298,alpha
/content/CloudChamber/images/output_0426.png,147,151,165,207,alpha
/content/CloudChamber/images/output_0427.png,138,154,163,209,alpha
/content/CloudChamber/images/output_0427.png,65,172,98,221,alpha
/content/CloudChamber/images/output_0428.png,69,170,102,201,alpha
/content/CloudChamber/images/output_0432.png,549,157,582,180,alpha
/content/CloudChamber/images/output_0433.png,559,162,602,183,alpha
/content/CloudChamber/images/output_0434.png,523,83,540,128,alpha
/content/CloudChamber/images/output_0435.png,525,87,544,129,alpha
/content/CloudChamber/images/output_0436.png,530,295,581,319,alpha
/content/CloudChamber/images/output_0437.png,547,301,588,324,alpha
/content/CloudChamber/images/output_0438.png,369,144,385,174,alpha
/content/CloudChamber/images/output_0439.png,366,150,389,183,alpha
/content/CloudChamber/images/output_0440.png,367,153,384,176,alpha
/content/CloudChamber/images/output_0441.png,197,193,214,224,alpha
/content/CloudChamber/images/output_0442.png,198,196,216,227,alpha
/content/CloudChamber/images/output_0444.png,20,146,50,172,alpha
/content/CloudChamber/images/output_0445.png,5,144,39,165,alpha
/content/CloudChamber/images/output_0450.png,78,56,109,98,alpha
/content/CloudChamber/images/output_0450.png,592,291,617,334,alpha
/content/CloudChamber/images/output_0451.png,612,302,631,336,alpha
/content/CloudChamber/images/output_0451.png,530,133,567,152,alpha
/content/CloudChamber/images/output_0451.png,64,57,107,97,alpha
/content/CloudChamber/images/output_0452.png,543,136,586,153,alpha
/content/CloudChamber/images/output_0452.png,541,251,578,280,alpha
/content/CloudChamber/images/output_0453.png,545,256,580,281,alpha
/content/CloudChamber/images/output_0454.png,559,262,578,277,alpha
/content/CloudChamber/images/output_0454.png,407,91,430,108,alpha
/content/CloudChamber/images/output_0455.png,405,89,434,107,alpha
/content/CloudChamber/images/output_0457.png,358,257,406,315,alpha
/content/CloudChamber/images/output_0458.png,360,266,406,319,alpha
/content/CloudChamber/images/output_0460.png,32,47,60,60,alpha
/content/CloudChamber/images/output_0461.png,10,48,44,63,alpha
/content/CloudChamber/images/output_0474.png,451,127,497,142,alpha
/content/CloudChamber/images/output_0475.png,454,132,505,147,alpha
/content/CloudChamber/images/output_0476.png,460,129,505,146,alpha
/content/CloudChamber/images/output_0482.png,280,43,301,83,alpha
/content/CloudChamber/images/output_0483.png,280,41,299,79,alpha
/content/CloudChamber/images/output_0489.png,280,1,299,18,alpha
/content/CloudChamber/images/output_0490.png,281,1,299,15,alpha
/content/CloudChamber/images/output_0491.png,119,4,136,19,alpha
/content/CloudChamber/images/output_0491.png,17,230,73,241,alpha
/content/CloudChamber/images/output_0492.png,111,2,132,18,alpha
/content/CloudChamber/images/output_0492.png,191,172,234,210,alpha
/content/CloudChamber/images/output_0492.png,1,232,62,245,alpha
/content/CloudChamber/images/output_0493.png,109,1,124,14,alpha
/content/CloudChamber/images/output_0494.png,104,1,123,16,alpha
/content/CloudChamber/images/output_0495.png,99,1,117,12,alpha
/content/CloudChamber/images/output_0496.png,387,146,415,180,alpha
/content/CloudChamber/images/output_0497.png,385,150,415,183,alpha
/content/CloudChamber/images/output_0498.png,390,155,411,180,alpha
/content/CloudChamber/images/output_0501.png,255,108,294,156,alpha
/content/CloudChamber/images/output_0502.png,252,111,290,163,alpha
/content/CloudChamber/images/output_0502.png,181,211,219,261,alpha
/content/CloudChamber/images/output_0503.png,171,214,209,265,alpha
/content/CloudChamber/images/output_0503.png,476,227,544,278,alpha
/content/CloudChamber/images/output_0504.png,483,230,550,283,alpha
/content/CloudChamber/images/output_0504.png,164,220,190,253,alpha
/content/CloudChamber/images/output_0505.png,61,50,158,80,alpha
/content/CloudChamber/images/output_0505.png,125,309,158,335,alpha
/content/CloudChamber/images/output_0506.png,46,52,150,81,alpha
/content/CloudChamber/images/output_0506.png,125,315,145,333,alpha
/content/CloudChamber/images/output_0506.png,305,64,335,96,alpha
/content/CloudChamber/images/output_0508.png,109,180,138,203,alpha
/content/CloudChamber/images/output_0509.png,103,183,129,203,alpha
/content/CloudChamber/images/output_0511.png,55,67,89,83,alpha
/content/CloudChamber/images/output_0512.png,42,67,75,83,alpha
/content/CloudChamber/images/output_0512.png,283,129,306,180,alpha
/content/CloudChamber/images/output_0513.png,278,127,301,174,alpha
/content/CloudChamber/images/output_0514.png,334,102,356,138,alpha
/content/CloudChamber/images/output_0515.png,335,106,355,144,alpha
/content/CloudChamber/images/output_0516.png,336,115,353,140,alpha
/content/CloudChamber/images/output_0520.png,380,298,419,333,alpha
/content/CloudChamber/images/output_0521.png,383,314,407,333,alpha
/content/CloudChamber/images/output_0523.png,344,293,381,330,alpha
/content/CloudChamber/images/output_0524.png,300,304,349,329,alpha
/content/CloudChamber/images/output_0526.png,37,192,107,223,alpha
/content/CloudChamber/images/output_0526.png,70,250,87,285,alpha
/content/CloudChamber/images/output_0526.png,279,1,299,27,alpha
/content/CloudChamber/images/output_0526.png,528,245,559,272,alpha
/content/CloudChamber/images/output_0527.png,522,1,534,9,alpha
/content/CloudChamber/images/output_0527.png,282,1,302,24,alpha
/content/CloudChamber/images/output_0527.png,433,108,451,130,alpha
/content/CloudChamber/images/output_0527.png,23,196,96,231,alpha
/content/CloudChamber/images/output_0527.png,50,260,80,291,alpha
/content/CloudChamber/images/output_0528.png,438,108,458,131,alpha
/content/CloudChamber/images/output_0528.png,531,1,547,6,alpha
/content/CloudChamber/images/output_0528.png,42,272,69,292,alpha
/content/CloudChamber/images/output_0529.png,167,102,233,132,alpha
/content/CloudChamber/images/output_0529.png,442,109,462,128,alpha
/content/CloudChamber/images/output_0530.png,164,104,227,133,alpha
/content/CloudChamber/images/output_0530.png,32,107,74,151,alpha
/content/CloudChamber/images/output_0531.png,25,108,62,135,alpha
/content/CloudChamber/images/output_0532.png,519,103,536,133,alpha
/content/CloudChamber/images/output_0533.png,526,108,553,134,alpha
/content/CloudChamber/images/output_0534.png,540,110,561,132,alpha
/content/CloudChamber/images/output_0540.png,478,142,514,186,alpha
/content/CloudChamber/images/output_0541.png,484,153,517,192,alpha
/content/CloudChamber/images/output_0546.png,61,59,81,80,alpha
/content/CloudChamber/images/output_0547.png,46,61,71,81,alpha
/content/CloudChamber/images/output_0547.png,306,208,356,265,alpha
/content/CloudChamber/images/output_0547.png,425,207,449,229,alpha
/content/CloudChamber/images/output_0547.png,458,202,474,225,alpha
/content/CloudChamber/images/output_0548.png,303,214,356,274,alpha
/content/CloudChamber/images/output_0548.png,427,212,449,235,alpha
/content/CloudChamber/images/output_0548.png,457,206,475,227,alpha
/content/CloudChamber/images/output_0549.png,304,228,349,278,alpha
/content/CloudChamber/images/output_0553.png,514,127,580,148,alpha
/content/CloudChamber/images/output_0553.png,534,255,610,303,alpha
/content/CloudChamber/images/output_0554.png,539,131,568,146,alpha
/content/CloudChamber/images/output_0554.png,540,258,579,289,alpha
/content/CloudChamber/images/output_0555.png,283,289,297,312,alpha
/content/CloudChamber/images/output_0556.png,274,301,297,330,alpha
/content/CloudChamber/images/output_0556.png,383,281,399,299,alpha
/content/CloudChamber/images/output_0557.png,384,288,402,311,alpha
/content/CloudChamber/images/output_0561.png,77,18,120,42,alpha
/content/CloudChamber/images/output_0561.png,45,249,141,309,alpha
/content/CloudChamber/images/output_0562.png,68,18,116,43,alpha
/content/CloudChamber/images/output_0562.png,35,257,134,319,alpha
/content/CloudChamber/images/output_0563.png,473,141,493,179,alpha
/content/CloudChamber/images/output_0564.png,240,270,282,312,alpha
/content/CloudChamber/images/output_0565.png,239,289,261,317,alpha
/content/CloudChamber/images/output_0565.png,216,150,260,191,alpha
/content/CloudChamber/images/output_0565.png,311,229,328,247,alpha
/content/CloudChamber/images/output_0566.png,212,152,255,192,alpha
/content/CloudChamber/images/output_0566.png,308,230,329,252,alpha
/content/CloudChamber/images/output_0567.png,213,160,247,191,alpha
/content/CloudChamber/images/output_0569.png,255,179,279,203,alpha
/content/CloudChamber/images/output_0569.png,243,280,264,311,alpha
/content/CloudChamber/images/output_0569.png,205,215,230,330,alpha
/content/CloudChamber/images/output_0570.png,193,223,223,332,alpha
/content/CloudChamber/images/output_0570.png,240,288,260,316,alpha
/content/CloudChamber/images/output_0570.png,239,186,270,208,alpha
/content/CloudChamber/images/output_0571.png,232,189,252,206,alpha
/content/CloudChamber/images/output_0578.png,79,280,158,310,alpha
/content/CloudChamber/images/output_0579.png,59,294,144,326,alpha
/content/CloudChamber/images/output_0580.png,395,187,438,233,alpha
/content/CloudChamber/images/output_0581.png,394,191,437,233,alpha
/content/CloudChamber/images/output_0586.png,443,165,459,223,alpha
/content/CloudChamber/images/output_0587.png,442,169,463,228,alpha
/content/CloudChamber/images/output_0588.png,219,96,274,136,alpha
/content/CloudChamber/images/output_0589.png,219,97,272,136,alpha
/content/CloudChamber/images/output_0591.png,53,100,82,122,alpha
/content/CloudChamber/images/output_0592.png,37,100,66,122,alpha
/content/CloudChamber/images/output_0594.png,355,152,372,167,alpha
/content/CloudChamber/images/output_0595.png,354,155,373,173,alpha
/content/CloudChamber/images/output_0596.png,354,158,371,172,alpha
/content/CloudChamber/images/output_0597.png,362,200,442,231,alpha
/content/CloudChamber/images/output_0598.png,364,205,446,235,alpha
/content/CloudChamber/images/output_0598.png,188,1,222,39,alpha
/content/CloudChamber/images/output_0599.png,323,24,342,34,alpha
/content/CloudChamber/images/output_0599.png,186,1,224,41,alpha
/content/CloudChamber/images/output_0600.png,205,20,221,34,alpha
/content/CloudChamber/images/output_0600.png,324,17,344,34,alpha
/content/CloudChamber/images/output_0601.png,251,207,277,243,alpha
/content/CloudChamber/images/output_0601.png,326,14,346,29,alpha
/content/CloudChamber/images/output_0602.png,245,212,270,250,alpha
/content/CloudChamber/images/output_0602.png,389,80,399,92,alpha
/content/CloudChamber/images/output_0603.png,390,86,425,98,alpha
/content/CloudChamber/images/output_0603.png,240,212,267,253,alpha
/content/CloudChamber/images/output_0604.png,393,83,430,102,alpha
/content/CloudChamber/images/output_0604.png,167,150,188,210,alpha
/content/CloudChamber/images/output_0605.png,156,153,184,213,alpha
/content/CloudChamber/images/output_0605.png,406,81,428,96,alpha
/content/CloudChamber/images/output_0606.png,148,183,172,211,alpha
/content/CloudChamber/images/output_0606.png,53,75,86,90,alpha
/content/CloudChamber/images/output_0606.png,382,93,430,116,alpha
/content/CloudChamber/images/output_0607.png,385,95,431,116,alpha
/content/CloudChamber/images/output_0607.png,42,73,67,89,alpha
/content/CloudChamber/images/output_0610.png,314,214,339,274,alpha
/content/CloudChamber/images/output_0610.png,484,261,499,334,alpha
/content/CloudChamber/images/output_0611.png,311,221,336,281,alpha
/content/CloudChamber/images/output_0611.png,487,267,506,334,alpha
/content/CloudChamber/images/output_0612.png,313,236,331,282,alpha
/content/CloudChamber/images/output_0618.png,201,33,259,63,alpha
/content/CloudChamber/images/output_0619.png,202,30,261,64,alpha
/content/CloudChamber/images/output_0620.png,238,29,255,43,alpha
/content/CloudChamber/images/output_0620.png,389,1,411,18,alpha
/content/CloudChamber/images/output_0621.png,391,1,414,15,alpha
/content/CloudChamber/images/output_0623.png,122,84,166,101,alpha
/content/CloudChamber/images/output_0624.png,117,86,156,100,alpha
/content/CloudChamber/images/output_0624.png,470,187,485,203,alpha
/content/CloudChamber/images/output_0625.png,474,189,492,204,alpha
/content/CloudChamber/images/output_0625.png,171,1,203,33,alpha
/content/CloudChamber/images/output_0625.png,223,141,240,157,alpha
/content/CloudChamber/images/output_0626.png,224,144,241,160,alpha
/content/CloudChamber/images/output_0626.png,172,1,203,32,alpha
/content/CloudChamber/images/output_0629.png,392,78,435,118,alpha
/content/CloudChamber/images/output_0630.png,395,76,439,118,alpha
/content/CloudChamber/images/output_0630.png,206,200,235,226,alpha
/content/CloudChamber/images/output_0631.png,207,204,228,224,alpha
/content/CloudChamber/images/output_0631.png,69,169,105,233,alpha
/content/CloudChamber/images/output_0631.png,397,74,441,120,alpha
/content/CloudChamber/images/output_0632.png,402,1,415,55,alpha
/content/CloudChamber/images/output_0632.png,69,209,94,236,alpha
/content/CloudChamber/images/output_0633.png,402,1,418,50,alpha
/content/CloudChamber/images/output_0635.png,167,96,199,124,alpha
/content/CloudChamber/images/output_0636.png,163,100,196,127,alpha
/content/CloudChamber/images/output_0637.png,468,267,491,314,alpha
/content/CloudChamber/images/output_0638.png,473,279,495,317,alpha
/content/CloudChamber/images/output_0640.png,37,187,84,206,alpha
/content/CloudChamber/images/output_0641.png,24,191,73,212,alpha
/content/CloudChamber/images/output_0646.png,71,48,103,71,alpha
/content/CloudChamber/images/output_0646.png,90,214,160,244,alpha
/content/CloudChamber/images/output_0646.png,313,77,370,130,alpha
/content/CloudChamber/images/output_0647.png,310,78,369,132,alpha
/content/CloudChamber/images/output_0647.png,86,216,156,247,alpha
/content/CloudChamber/images/output_0647.png,53,47,90,74,alpha
/content/CloudChamber/images/output_0648.png,312,1,332,31,alpha
/content/CloudChamber/images/output_0648.png,339,106,362,127,alpha
/content/CloudChamber/images/output_0649.png,314,1,333,23,alpha
/content/CloudChamber/images/output_0649.png,47,1,96,18,alpha
/content/CloudChamber/images/output_0650.png,316,1,334,15,alpha
/content/CloudChamber/images/output_0650.png,466,146,538,174,alpha
/content/CloudChamber/images/output_0651.png,471,147,532,176,alpha
/content/CloudChamber/images/output_0652.png,122,125,140,142,alpha
/content/CloudChamber/images/output_0653.png,108,129,129,143,alpha
/content/CloudChamber/images/output_0655.png,125,118,191,156,alpha
/content/CloudChamber/images/output_0655.png,326,277,345,301,alpha
/content/CloudChamber/images/output_0656.png,120,118,179,153,alpha
/content/CloudChamber/images/output_0656.png,323,286,343,311,alpha
/content/CloudChamber/images/output_0673.png,233,27,272,75,alpha
/content/CloudChamber/images/output_0673.png,510,86,557,110,alpha
/content/CloudChamber/images/output_0674.png,234,26,277,76,alpha
/content/CloudChamber/images/output_0674.png,475,53,497,105,alpha
/content/CloudChamber/images/output_0674.png,517,87,568,110,alpha
/content/CloudChamber/images/output_0674.png,568,227,597,243,alpha
/content/CloudChamber/images/output_0675.png,479,53,501,99,alpha
/content/CloudChamber/images/output_0675.png,581,230,608,248,alpha
/content/CloudChamber/images/output_0682.png,86,109,116,167,alpha
/content/CloudChamber/images/output_0683.png,73,109,104,170,alpha
/content/CloudChamber/images/output_0684.png,68,144,88,168,alpha
/content/CloudChamber/images/output_0689.png,93,265,155,292,alpha
/content/CloudChamber/images/output_0689.png,236,275,260,297,alpha
/content/CloudChamber/images/output_0690.png,87,272,150,305,alpha
/content/CloudChamber/images/output_0691.png,93,274,140,306,alpha
/content/CloudChamber/images/output_0692.png,407,16,424,44,alpha
/content/CloudChamber/images/output_0692.png,468,184,519,212,alpha
/content/CloudChamber/images/output_0693.png,473,186,516,209,alpha
/content/CloudChamber/images/output_0693.png,408,14,428,43,alpha
/content/CloudChamber/images/output_0693.png,351,177,375,208,alpha
/content/CloudChamber/images/output_0693.png,181,269,206,331,alpha
/content/CloudChamber/images/output_0694.png,179,279,205,332,alpha
/content/CloudChamber/images/output_0694.png,350,178,370,208,alpha
/content/CloudChamber/images/output_0694.png,408,16,427,34,alpha
/content/CloudChamber/images/output_0695.png,402,163,466,194,alpha
/content/CloudChamber/images/output_0696.png,401,165,464,194,alpha
/content/CloudChamber/images/output_0699.png,101,1,145,16,alpha
/content/CloudChamber/images/output_0700.png,108,1,143,15,alpha
/content/CloudChamber/images/output_0700.png,549,153,587,182,alpha
/content/CloudChamber/images/output_0701.png,557,152,590,176,alpha
/content/CloudChamber/images/output_0703.png,123,1,160,39,alpha
/content/CloudChamber/images/output_0704.png,123,1,155,32,alpha
/content/CloudChamber/images/output_0704.png,464,1,487,26,alpha
/content/CloudChamber/images/output_0705.png,420,3,438,24,alpha
/content/CloudChamber/images/output_0705.png,472,1,491,17,alpha
/content/CloudChamber/images/output_0706.png,421,2,440,20,alpha
/content/CloudChamber/images/output_0707.png,505,150,579,169,alpha
/content/CloudChamber/images/output_0708.png,513,150,580,168,alpha
/content/CloudChamber/images/output_0709.png,222,241,280,276,alpha
/content/CloudChamber/images/output_0710.png,217,246,273,284,alpha
/content/CloudChamber/images/output_0711.png,102,60,142,116,alpha
/content/CloudChamber/images/output_0712.png,96,63,140,118,alpha
/content/CloudChamber/images/output_0713.png,368,40,386,90,alpha
/content/CloudChamber/images/output_0714.png,369,41,391,91,alpha
/content/CloudChamber/images/output_0715.png,505,1,523,36,alpha
/content/CloudChamber/images/output_0716.png,508,1,532,33,alpha
/content/CloudChamber/images/output_0723.png,428,102,492,125,alpha
/content/CloudChamber/images/output_0724.png,428,108,497,127,alpha
/content/CloudChamber/images/output_0724.png,306,27,331,62,alpha
/content/CloudChamber/images/output_0724.png,148,27,182,65,alpha
/content/CloudChamber/images/output_0725.png,145,27,180,64,alpha
/content/CloudChamber/images/output_0725.png,84,76,97,124,alpha
/content/CloudChamber/images/output_0725.png,310,25,333,62,alpha
/content/CloudChamber/images/output_0726.png,314,35,334,58,alpha
/content/CloudChamber/images/output_0726.png,71,78,88,128,alpha
/content/CloudChamber/images/output_0726.png,362,24,399,53,alpha
/content/CloudChamber/images/output_0726.png,428,80,498,150,alpha
/content/CloudChamber/images/output_0727.png,364,19,402,52,alpha
/content/CloudChamber/images/output_0727.png,430,80,499,150,alpha
/content/CloudChamber/images/output_0728.png,372,20,404,43,alpha
/content/CloudChamber/images/output_0728.png,95,250,146,264,alpha
/content/CloudChamber/images/output_0729.png,86,254,145,275,alpha
/content/CloudChamber/images/output_0729.png,303,162,325,209,alpha
/content/CloudChamber/images/output_0730.png,299,166,324,213,alpha
/content/CloudChamber/images/output_0735.png,541,268,608,291,alpha
/content/CloudChamber/images/output_0736.png,558,271,616,288,alpha
/content/CloudChamber/images/output_0740.png,426,162,469,222,alpha
/content/CloudChamber/images/output_0741.png,428,161,469,229,alpha
/content/CloudChamber/images/output_0742.png,140,1,194,13,alpha
/content/CloudChamber/images/output_0742.png,435,172,475,232,alpha
/content/CloudChamber/images/output_0743.png,135,1,192,10,alpha
/content/CloudChamber/images/output_0745.png,336,11,390,34,alpha
/content/CloudChamber/images/output_0746.png,342,6,389,30,alpha
/content/CloudChamber/images/output_0747.png,346,1,390,22,alpha
/content/CloudChamber/images/output_0750.png,517,128,569,145,alpha
/content/CloudChamber/images/output_0751.png,528,132,584,151,alpha
/content/CloudChamber/images/output_0751.png,248,265,268,329,alpha
/content/CloudChamber/images/output_0751.png,488,162,505,177,alpha
/content/CloudChamber/images/output_0752.png,246,270,267,334,alpha
/content/CloudChamber/images/output_0752.png,493,165,514,182,alpha
/content/CloudChamber/images/output_0761.png,367,203,431,248,alpha
/content/CloudChamber/images/output_0762.png,363,206,440,256,alpha
/content/CloudChamber/images/output_0762.png,273,215,325,234,alpha
/content/CloudChamber/images/output_0762.png,321,71,340,118,alpha
/content/CloudChamber/images/output_0763.png,321,74,340,119,alpha
/content/CloudChamber/images/output_0763.png,268,215,317,238,alpha
/content/CloudChamber/images/output_0764.png,262,220,309,237,alpha
/content/CloudChamber/images/output_0764.png,322,76,337,94,alpha
/content/CloudChamber/images/output_0765.png,281,221,299,233,alpha
/content/CloudChamber/images/output_0777.png,284,105,338,132,alpha
/content/CloudChamber/images/output_0777.png,496,244,524,269,alpha
/content/CloudChamber/images/output_0778.png,504,253,533,282,alpha
/content/CloudChamber/images/output_0778.png,294,110,330,134,alpha
/content/CloudChamber/images/output_0779.png,244,188,280,217,alpha
/content/CloudChamber/images/output_0780.png,236,194,274,217,alpha
/content/CloudChamber/images/output_0780.png,23,159,76,180,alpha
/content/CloudChamber/images/output_0781.png,217,219,242,235,alpha
/content/CloudChamber/images/output_0785.png,239,99,268,136,alpha
/content/CloudChamber/images/output_0785.png,237,271,286,317,alpha
/content/CloudChamber/images/output_0785.png,357,239,396,309,alpha
/content/CloudChamber/images/output_0786.png,355,245,395,318,alpha
/content/CloudChamber/images/output_0786.png,234,279,286,330,alpha
/content/CloudChamber/images/output_0786.png,226,100,267,143,alpha
/content/CloudChamber/images/output_0786.png,229,36,276,70,alpha
/content/CloudChamber/images/output_0787.png,232,36,271,70,alpha
/content/CloudChamber/images/output_0787.png,255,283,279,309,alpha
/content/CloudChamber/images/output_0791.png,179,130,226,148,alpha
/content/CloudChamber/images/output_0792.png,173,133,228,152,alpha
/content/CloudChamber/images/output_0794.png,224,109,259,134,alpha
/content/CloudChamber/images/output_0794.png,499,290,542,333,alpha
/content/CloudChamber/images/output_0795.png,507,297,538,332,alpha
/content/CloudChamber/images/output_0795.png,225,114,248,131,alpha
/content/CloudChamber/images/output_0801.png,185,21,236,44,alpha
/content/CloudChamber/images/output_0801.png,373,233,415,275,alpha
/content/CloudChamber/images/output_0802.png,186,19,233,44,alpha
/content/CloudChamber/images/output_0802.png,371,233,414,280,alpha
/content/CloudChamber/images/output_0805.png,208,297,276,327,alpha
/content/CloudChamber/images/output_0805.png,329,56,349,73,alpha
/content/CloudChamber/images/output_0806.png,204,304,275,332,alpha
/content/CloudChamber/images/output_0806.png,225,43,241,62,alpha
/content/CloudChamber/images/output_0807.png,221,44,243,63,alpha
/content/CloudChamber/images/output_0811.png,49,50,155,80,alpha
/content/CloudChamber/images/output_0811.png,146,134,196,183,alpha
/content/CloudChamber/images/output_0812.png,137,141,192,187,alpha
/content/CloudChamber/images/output_0812.png,443,194,501,215,alpha
/content/CloudChamber/images/output_0813.png,445,197,504,218,alpha
/content/CloudChamber/images/output_0813.png,158,147,198,171,alpha
/content/CloudChamber/images/output_0817.png,455,126,475,171,alpha
/content/CloudChamber/images/output_0818.png,461,130,480,174,alpha
/content/CloudChamber/images/output_0819.png,183,245,204,265,alpha
/content/CloudChamber/images/output_0820.png,180,253,201,276,alpha
/content/CloudChamber/images/output_0821.png,171,262,195,280,alpha
/content/CloudChamber/images/output_0822.png,484,28,508,85,alpha
/content/CloudChamber/images/output_0823.png,489,30,509,85,alpha
/content/CloudChamber/images/output_0828.png,311,67,361,84,alpha
/content/CloudChamber/images/output_0829.png,311,66,362,86,alpha
/content/CloudChamber/images/output_0830.png,338,65,364,81,alpha
/content/CloudChamber/images/output_0831.png,111,52,150,101,alpha
/content/CloudChamber/images/output_0832.png,102,53,146,104,alpha
/content/CloudChamber/images/output_0834.png,320,282,369,304,alpha
/content/CloudChamber/images/output_0835.png,320,286,367,313,alpha
/content/CloudChamber/images/output_0840.png,147,260,162,311,alpha
/content/CloudChamber/images/output_0841.png,143,262,161,294,alpha
/content/CloudChamber/images/output_0843.png,261,283,280,313,alpha
/content/CloudChamber/images/output_0843.png,191,116,259,156,alpha
/content/CloudChamber/images/output_0844.png,192,120,255,158,alpha
/content/CloudChamber/images/output_0844.png,255,292,283,328,alpha
/content/CloudChamber/images/output_0847.png,358,50,396,66,alpha
/content/CloudChamber/images/output_0848.png,361,47,399,66,alpha
/content/CloudChamber/images/output_0849.png,368,44,397,61,alpha
/content/CloudChamber/images/output_0851.png,364,46,408,69,alpha
/content/CloudChamber/images/output_0851.png,302,74,314,93,alpha
/content/CloudChamber/images/output_0852.png,301,74,318,93,alpha
/content/CloudChamber/images/output_0852.png,364,43,410,68,alpha
/content/CloudChamber/images/output_0853.png,370,44,392,60,alpha
/content/CloudChamber/images/output_0856.png,207,1,228,9,alpha
/content/CloudChamber/images/output_0857.png,205,1,228,7,alpha
/content/CloudChamber/images/output_0858.png,311,3,364,24,alpha
/content/CloudChamber/images/output_0859.png,312,1,364,21,alpha
/content/CloudChamber/images/output_0862.png,115,1,139,11,alpha
/content/CloudChamber/images/output_0863.png,114,1,135,11,alpha
/content/CloudChamber/images/output_0863.png,160,244,198,315,alpha
/content/CloudChamber/images/output_0864.png,147,252,187,330,alpha
/content/CloudChamber/images/output_0864.png,233,173,276,220,alpha
/content/CloudChamber/images/output_0864.png,256,71,330,106,alpha
/content/CloudChamber/images/output_0865.png,254,76,328,108,alpha
/content/CloudChamber/images/output_0865.png,225,180,269,230,alpha
/content/CloudChamber/images/output_0866.png,218,175,259,224,alpha
/content/CloudChamber/images/output_0872.png,131,59,156,74,alpha
/content/CloudChamber/images/output_0872.png,554,299,578,330,alpha
/content/CloudChamber/images/output_0873.png,569,310,593,329,alpha
/content/CloudChamber/images/output_0873.png,128,54,152,76,alpha
/content/CloudChamber/images/output_0875.png,423,86,452,148,alpha
/content/CloudChamber/images/output_0876.png,425,84,452,143,alpha
/content/CloudChamber/images/output_0876.png,290,1,322,32,alpha
/content/CloudChamber/images/output_0876.png,411,277,431,330,alpha
/content/CloudChamber/images/output_0877.png,411,286,435,335,alpha
/content/CloudChamber/images/output_0877.png,425,94,446,128,alpha
/content/CloudChamber/images/output_0877.png,298,1,323,30,alpha
/content/CloudChamber/images/output_0878.png,305,5,323,24,alpha
/content/CloudChamber/images/output_0878.png,412,299,432,326,alpha
/content/CloudChamber/images/output_0878.png,428,106,447,124,alpha
/content/CloudChamber/images/output_0882.png,66,274,111,327,alpha
/content/CloudChamber/images/output_0883.png,53,285,99,333,alpha
/content/CloudChamber/images/output_0885.png,449,136,531,157,alpha
/content/CloudChamber/images/output_0886.png,451,140,535,157,alpha
/content/CloudChamber/images/output_0890.png,476,230,537,276,alpha
/content/CloudChamber/images/output_0891.png,478,234,537,279,alpha
/content/CloudChamber/images/output_0893.png,99,198,156,231,alpha
/content/CloudChamber/images/output_0894.png,91,203,143,241,alpha
/content/CloudChamber/images/output_0895.png,92,206,135,241,alpha
/content/CloudChamber/images/output_0896.png,249,209,270,242,alpha
/content/CloudChamber/images/output_0897.png,244,211,271,291,alpha
/content/CloudChamber/images/output_0897.png,234,237,280,300,alpha
/content/CloudChamber/images/output_0898.png,240,216,270,282,alpha
/content/CloudChamber/images/output_0898.png,227,239,272,304,alpha
/content/CloudChamber/images/output_0898.png,76,138,134,171,alpha
/content/CloudChamber/images/output_0898.png,349,56,424,171,alpha
/content/CloudChamber/images/output_0898.png,446,1,458,20,alpha
/content/CloudChamber/images/output_0899.png,443,1,466,24,alpha
/content/CloudChamber/images/output_0899.png,401,55,429,83,alpha
/content/CloudChamber/images/output_0899.png,60,142,127,177,alpha
/content/CloudChamber/images/output_0900.png,447,1,464,22,alpha
/content/CloudChamber/images/output_0900.png,54,143,85,162,alpha
/content/CloudChamber/images/output_0903.png,444,168,485,213,alpha
/content/CloudChamber/images/output_0904.png,452,174,495,221,alpha
/content/CloudChamber/images/output_0904.png,459,14,535,59,alpha
/content/CloudChamber/images/output_0905.png,467,10,544,59,alpha
/content/CloudChamber/images/output_0905.png,468,196,491,226,alpha
/content/CloudChamber/images/output_0909.png,48,291,81,336,alpha
/content/CloudChamber/images/output_0910.png,31,302,64,335,alpha
/content/CloudChamber/images/output_0910.png,292,136,344,181,alpha
/content/CloudChamber/images/output_0911.png,285,141,343,183,alpha
/content/CloudChamber/images/output_0912.png,293,142,340,179,alpha
/content/CloudChamber/images/output_0919.png,288,171,321,191,alpha
/content/CloudChamber/images/output_0920.png,285,171,318,193,alpha
/content/CloudChamber/images/output_0921.png,283,172,308,188,alpha
/content/CloudChamber/images/output_0927.png,336,165,368,182,alpha
/content/CloudChamber/images/output_0928.png,332,167,370,185,alpha
/content/CloudChamber/images/output_0929.png,340,168,366,184,alpha
/content/CloudChamber/images/output_0929.png,247,51,288,73,alpha
/content/CloudChamber/images/output_0930.png,246,50,286,74,alpha
/content/CloudChamber/images/output_0930.png,17,199,78,219,alpha
/content/CloudChamber/images/output_0931.png,1,205,69,224,alpha
/content/CloudChamber/images/output_0931.png,250,50,279,67,alpha
/content/CloudChamber/images/output_0931.png,354,80,374,104,alpha
/content/CloudChamber/images/output_0932.png,356,80,378,104,alpha
/content/CloudChamber/images/output_0932.png,372,95,396,124,alpha
/content/CloudChamber/images/output_0933.png,359,79,376,100,alpha
/content/CloudChamber/images/output_0933.png,373,99,393,122,alpha
/content/CloudChamber/images/output_0936.png,252,203,296,218,alpha
/content/CloudChamber/images/output_0937.png,247,205,287,223,alpha
/content/CloudChamber/images/output_0937.png,486,165,567,182,alpha
/content/CloudChamber/images/output_0938.png,492,169,589,183,alpha
/content/CloudChamber/images/output_0938.png,246,205,277,224,alpha
/content/CloudChamber/images/output_0940.png,67,181,113,245,alpha
/content/CloudChamber/images/output_0941.png,58,183,103,249,alpha
/content/CloudChamber/images/output_0944.png,452,100,547,121,alpha
/content/CloudChamber/images/output_0945.png,455,100,548,121,alpha
/content/CloudChamber/images/output_0946.png,123,11,154,74,alpha
/content/CloudChamber/images/output_0947.png,117,9,154,73,alpha
/content/CloudChamber/images/output_0948.png,135,9,154,29,alpha
/content/CloudChamber/images/output_0956.png,218,1,257,25,alpha
/content/CloudChamber/images/output_0957.png,218,1,251,24,alpha
/content/CloudChamber/images/output_0958.png,221,1,245,17,alpha
/content/CloudChamber/images/output_0960.png,142,83,161,127,alpha
/content/CloudChamber/images/output_0961.png,134,87,157,128,alpha
/content/CloudChamber/images/output_0962.png,426,48,481,79,alpha
/content/CloudChamber/images/output_0963.png,430,50,483,77,alpha
/content/CloudChamber/images/output_0967.png,307,147,349,162,alpha
/content/CloudChamber/images/output_0968.png,305,148,336,160,alpha
/content/CloudChamber/images/output_0969.png,428,14,469,35,alpha
/content/CloudChamber/images/output_0970.png,432,8,475,30,alpha
/content/CloudChamber/images/output_0971.png,444,4,475,26,alpha
/content/CloudChamber/images/output_0971.png,337,92,364,127,alpha
/content/CloudChamber/images/output_0972.png,336,93,360,127,alpha
/content/CloudChamber/images/output_0986.png,232,27,255,47,alpha
/content/CloudChamber/images/output_0987.png,233,28,255,46,alpha
/content/CloudChamber/images/output_0987.png,339,29,361,59,alpha
/content/CloudChamber/images/output_0988.png,340,28,365,58,alpha
/content/CloudChamber/images/output_0990.png,259,26,299,73,alpha
/content/CloudChamber/images/output_0991.png,259,22,304,74,alpha
/content/CloudChamber/images/output_0991.png,54,47,149,76,alpha
/content/CloudChamber/images/output_0992.png,56,47,144,78,alpha
/content/CloudChamber/images/output_0992.png,36,189,77,237,alpha
/content/CloudChamber/images/output_0992.png,264,22,304,68,alpha
/content/CloudChamber/images/output_0993.png,22,192,70,242,alpha
/content/CloudChamber/images/output_0996.png,109,98,129,122,alpha
/content/CloudChamber/images/output_0997.png,97,99,130,126,alpha
/content/CloudChamber/images/output_0997.png,380,314,447,330,alpha
/content/CloudChamber/images/output_0997.png,555,162,593,207,alpha
/content/CloudChamber/images/output_0998.png,90,101,114,116,alpha
/content/CloudChamber/images/output_0998.png,566,168,602,205,alpha
/content/CloudChamber/images/output_1017.png,278,32,327,81,alpha
/content/CloudChamber/images/output_1018.png,281,32,325,83,alpha
/content/CloudChamber/images/output_1019.png,283,31,322,76,alpha
/content/CloudChamber/images/output_1019.png,274,307,338,321,alpha
/content/CloudChamber/images/output_1020.png,282,308,339,324,alpha
/content/CloudChamber/images/output_1024.png,274,68,318,118,alpha
/content/CloudChamber/images/output_1025.png,267,73,315,119,alpha
/content/CloudChamber/images/output_1026.png,272,75,299,99,alpha
/content/CloudChamber/images/output_1027.png,230,129,262,177,alpha
/content/CloudChamber/images/output_1027.png,453,173,473,185,alpha
/content/CloudChamber/images/output_1028.png,227,136,261,180,alpha
/content/CloudChamber/images/output_1028.png,451,178,479,189,alpha
/content/CloudChamber/images/output_1029.png,230,145,260,176,alpha
/content/CloudChamber/images/output_1034.png,168,100,228,114,alpha
/content/CloudChamber/images/output_1035.png,163,100,225,115,alpha
/content/CloudChamber/images/output_1035.png,289,38,335,53,alpha
/content/CloudChamber/images/output_1036.png,290,35,339,51,alpha
/content/CloudChamber/images/output_1038.png,519,120,561,138,alpha
/content/CloudChamber/images/output_1038.png,325,283,347,330,alpha
/content/CloudChamber/images/output_1039.png,522,122,585,146,alpha
/content/CloudChamber/images/output_1039.png,320,290,349,333,alpha
/content/CloudChamber/images/output_1040.png,490,102,526,122,alpha
/content/CloudChamber/images/output_1041.png,502,104,531,120,alpha
/content/CloudChamber/images/output_1041.png,257,306,281,333,alpha
/content/CloudChamber/images/output_1044.png,347,222,381,280,alpha
/content/CloudChamber/images/output_1045.png,347,230,378,292,alpha
/content/CloudChamber/images/output_1046.png,346,241,372,289,alpha
/content/CloudChamber/images/output_1052.png,205,19,233,37,alpha
/content/CloudChamber/images/output_1052.png,427,186,491,206,alpha
/content/CloudChamber/images/output_1053.png,208,16,229,34,alpha
/content/CloudChamber/images/output_1053.png,426,186,490,212,alpha
/content/CloudChamber/images/output_1056.png,357,55,389,105,alpha
/content/CloudChamber/images/output_1057.png,361,58,393,108,alpha
/content/CloudChamber/images/output_1058.png,377,185,414,247,alpha
/content/CloudChamber/images/output_1059.png,380,192,417,258,alpha
/content/CloudChamber/images/output_1060.png,394,196,416,226,alpha
/content/CloudChamber/images/output_1061.png,158,85,171,108,alpha
/content/CloudChamber/images/output_1062.png,152,87,169,109,alpha
/content/CloudChamber/images/output_1062.png,144,21,190,40,alpha
/content/CloudChamber/images/output_1063.png,144,22,187,36,alpha
/content/CloudChamber/images/output_1067.png,356,1,393,30,alpha
/content/CloudChamber/images/output_1068.png,358,1,391,28,alpha
/content/CloudChamber/images/output_1069.png,9,177,66,200,alpha
/content/CloudChamber/images/output_1070.png,1,180,48,200,alpha
/content/CloudChamber/images/output_1071.png,11,204,117,226,alpha
/content/CloudChamber/images/output_1072.png,71,213,116,230,alpha
/content/CloudChamber/images/output_1073.png,138,277,157,334,alpha
/content/CloudChamber/images/output_1074.png,131,285,161,333,alpha
/content/CloudChamber/images/output_1074.png,232,79,275,100,alpha
/content/CloudChamber/images/output_1075.png,231,78,273,100,alpha
/content/CloudChamber/images/output_1076.png,234,81,267,98,alpha
/content/CloudChamber/images/output_1076.png,448,6,495,81,alpha
/content/CloudChamber/images/output_1076.png,390,304,420,330,alpha
/content/CloudChamber/images/output_1077.png,212,144,276,179,alpha
/content/CloudChamber/images/output_1077.png,468,104,487,141,alpha
/content/CloudChamber/images/output_1077.png,455,13,496,73,alpha
/content/CloudChamber/images/output_1078.png,202,152,259,183,alpha
/content/CloudChamber/images/output_1078.png,471,106,493,144,alpha
/content/CloudChamber/images/output_1079.png,199,155,246,180,alpha
/content/CloudChamber/images/output_1079.png,474,111,499,144,alpha
/content/CloudChamber/images/output_1081.png,186,275,240,309,alpha
/content/CloudChamber/images/output_1082.png,179,290,238,321,alpha
/content/CloudChamber/images/output_1082.png,299,199,347,298,alpha
/content/CloudChamber/images/output_1083.png,293,208,345,305,alpha
/content/CloudChamber/images/output_1083.png,433,252,499,303,alpha
/content/CloudChamber/images/output_1084.png,434,263,509,318,alpha
/content/CloudChamber/images/output_1085.png,273,46,303,77,alpha
/content/CloudChamber/images/output_1087.png,308,34,334,89,alpha
/content/CloudChamber/images/output_1088.png,308,32,331,84,alpha
/content/CloudChamber/images/output_1091.png,512,178,538,205,alpha
/content/CloudChamber/images/output_1091.png,325,1,346,15,alpha
/content/CloudChamber/images/output_1092.png,519,181,543,209,alpha
/content/CloudChamber/images/output_1092.png,329,1,347,12,alpha
/content/CloudChamber/images/output_1094.png,501,15,536,59,alpha
/content/CloudChamber/images/output_1095.png,504,15,544,59,alpha
/content/CloudChamber/images/output_1105.png,74,1,88,23,alpha
/content/CloudChamber/images/output_1106.png,60,1,84,21,alpha
/content/CloudChamber/images/output_1107.png,454,139,467,175,alpha
/content/CloudChamber/images/output_1108.png,453,140,470,178,alpha
/content/CloudChamber/images/output_1110.png,75,27,108,71,alpha
/content/CloudChamber/images/output_1111.png,72,30,99,68,alpha
/content/CloudChamber/images/output_1111.png,375,6,406,56,alpha
/content/CloudChamber/images/output_1112.png,378,7,411,51,alpha
/content/CloudChamber/images/output_1112.png,234,186,278,249,alpha
/content/CloudChamber/images/output_1112.png,450,175,489,230,alpha
/content/CloudChamber/images/output_1112.png,287,139,298,159,alpha
/content/CloudChamber/images/output_1113.png,226,190,270,249,alpha
/content/CloudChamber/images/output_1113.png,272,143,296,169,alpha
/content/CloudChamber/images/output_1113.png,449,179,494,236,alpha
/content/CloudChamber/images/output_1114.png,452,209,480,238,alpha
/content/CloudChamber/images/output_1114.png,267,148,293,170,alpha
/content/CloudChamber/images/output_1114.png,180,14,228,51,alpha
/content/CloudChamber/images/output_1115.png,176,14,226,51,alpha
/content/CloudChamber/images/output_1116.png,193,21,220,48,alpha
/content/CloudChamber/images/output_1116.png,266,159,299,188,alpha
/content/CloudChamber/images/output_1117.png,259,164,291,189,alpha
/content/CloudChamber/images/output_1117.png,52,67,77,94,alpha
/content/CloudChamber/images/output_1118.png,34,73,67,96,alpha
/content/CloudChamber/images/output_1118.png,408,126,442,185,alpha
/content/CloudChamber/images/output_1118.png,359,36,393,50,alpha
/content/CloudChamber/images/output_1119.png,409,126,439,186,alpha
/content/CloudChamber/images/output_1119.png,364,33,393,52,alpha
/content/CloudChamber/images/output_1119.png,84,1,102,12,alpha
/content/CloudChamber/images/output_1120.png,374,33,395,51,alpha
/content/CloudChamber/images/output_1120.png,228,1,260,42,alpha
/content/CloudChamber/images/output_1120.png,75,1,95,12,alpha
/content/CloudChamber/images/output_1121.png,228,1,257,34,alpha
/content/CloudChamber/images/output_1123.png,508,25,542,70,alpha
/content/CloudChamber/images/output_1124.png,516,28,557,74,alpha
/content/CloudChamber/images/output_1124.png,142,33,167,75,alpha
/content/CloudChamber/images/output_1125.png,137,31,163,76,alpha
/content/CloudChamber/images/output_1126.png,135,33,158,74,alpha
/content/CloudChamber/images/output_1126.png,402,196,441,215,alpha
/content/CloudChamber/images/output_1127.png,415,199,441,217,alpha
/content/CloudChamber/images/output_1127.png,90,1,116,12,alpha
/content/CloudChamber/images/output_1128.png,87,1,109,10,alpha
/content/CloudChamber/images/output_1129.png,381,45,435,71,alpha
/content/CloudChamber/images/output_1130.png,390,45,438,67,alpha
/content/CloudChamber/images/output_1141.png,429,263,489,280,alpha
/content/CloudChamber/images/output_1142.png,433,272,491,294,alpha
/content/CloudChamber/images/output_1143.png,442,282,490,303,alpha
/content/CloudChamber/images/output_1143.png,351,127,392,142,alpha
/content/CloudChamber/images/output_1143.png,369,1,384,38,alpha
/content/CloudChamber/images/output_1144.png,370,1,385,31,alpha
/content/CloudChamber/images/output_1144.png,350,127,402,154,alpha
/content/CloudChamber/images/output_1145.png,355,129,384,147,alpha
/content/CloudChamber/images/output_1147.png,83,272,132,310,alpha
/content/CloudChamber/images/output_1148.png,65,286,127,324,alpha
/content/CloudChamber/images/output_1149.png,60,291,114,333,alpha
/content/CloudChamber/images/output_1155.png,458,120,509,151,alpha
/content/CloudChamber/images/output_1156.png,462,124,517,156,alpha
/content/CloudChamber/images/output_1157.png,483,131,521,153,alpha
/content/CloudChamber/images/output_1158.png,265,142,303,171,alpha
/content/CloudChamber/images/output_1159.png,254,148,298,178,alpha
/content/CloudChamber/images/output_1160.png,253,150,288,174,alpha
/content/CloudChamber/images/output_1161.png,337,48,356,65,alpha
/content/CloudChamber/images/output_1161.png,462,261,488,278,alpha
/content/CloudChamber/images/output_1162.png,469,270,491,288,alpha
/content/CloudChamber/images/output_1162.png,338,48,361,70,alpha
/content/CloudChamber/images/output_1162.png,185,209,235,247,alpha
/content/CloudChamber/images/output_1163.png,182,211,225,251,alpha
/content/CloudChamber/images/output_1165.png,152,250,174,278,alpha
/content/CloudChamber/images/output_1165.png,484,18,538,42,alpha
/content/CloudChamber/images/output_1166.png,489,18,550,40,alpha
/content/CloudChamber/images/output_1166.png,140,258,168,281,alpha
/content/CloudChamber/images/output_1167.png,196,87,238,128,alpha
/content/CloudChamber/images/output_1167.png,501,17,530,35,alpha
/content/CloudChamber/images/output_1168.png,199,91,237,130,alpha
/content/CloudChamber/images/output_1169.png,312,5,331,33,alpha
/content/CloudChamber/images/output_1170.png,314,3,330,29,alpha
/content/CloudChamber/images/output_1171.png,420,1,478,47,alpha
/content/CloudChamber/images/output_1172.png,426,1,483,47,alpha
/content/CloudChamber/images/output_1183.png,69,236,124,257,alpha
/content/CloudChamber/images/output_1184.png,62,241,121,263,alpha
/content/CloudChamber/images/output_1184.png,129,131,147,188,alpha
/content/CloudChamber/images/output_1185.png,124,131,145,183,alpha
/content/CloudChamber/images/output_1191.png,253,53,275,113,alpha
/content/CloudChamber/images/output_1192.png,252,53,271,109,alpha
/content/CloudChamber/images/output_1192.png,473,300,533,329,alpha
/content/CloudChamber/images/output_1193.png,470,306,516,331,alpha
/content/CloudChamber/images/output_1194.png,511,1,534,16,alpha
/content/CloudChamber/images/output_1205.png,491,53,561,72,alpha
/content/CloudChamber/images/output_1206.png,493,54,567,76,alpha
/content/CloudChamber/images/output_1207.png,461,1,498,31,alpha
/content/CloudChamber/images/output_1208.png,461,1,503,23,alpha
/content/CloudChamber/images/output_1211.png,171,131,206,154,alpha
/content/CloudChamber/images/output_1212.png,169,133,197,152,alpha
/content/CloudChamber/images/output_1214.png,351,121,378,169,alpha
/content/CloudChamber/images/output_1215.png,344,130,380,170,alpha
/content/CloudChamber/images/output_1215.png,10,206,98,228,alpha
/content/CloudChamber/images/output_1216.png,3,208,75,228,alpha
/content/CloudChamber/images/output_1219.png,189,107,217,133,alpha
/content/CloudChamber/images/output_1220.png,182,111,208,136,alpha
/content/CloudChamber/images/output_1230.png,182,134,267,159,alpha
/content/CloudChamber/images/output_1230.png,370,25,406,69,alpha
/content/CloudChamber/images/output_1231.png,201,139,266,159,alpha
/content/CloudChamber/images/output_1231.png,231,277,258,320,alpha
/content/CloudChamber/images/output_1231.png,373,26,403,65,alpha
/content/CloudChamber/images/output_1232.png,204,143,236,165,alpha
/content/CloudChamber/images/output_1232.png,223,289,251,333,alpha
/content/CloudChamber/images/output_1234.png,428,279,454,317,alpha
/content/CloudChamber/images/output_1235.png,433,283,455,321,alpha
/content/CloudChamber/images/output_1236.png,438,297,458,327,alpha
/content/CloudChamber/images/output_1242.png,313,78,337,124,alpha
/content/CloudChamber/images/output_1242.png,534,212,598,234,alpha
/content/CloudChamber/images/output_1243.png,553,215,598,233,alpha
/content/CloudChamber/images/output_1243.png,314,82,342,129,alpha
/content/CloudChamber/images/output_1244.png,311,83,333,117,alpha
/content/CloudChamber/images/output_1244.png,535,10,578,30,alpha
/content/CloudChamber/images/output_1245.png,542,12,580,24,alpha
/content/CloudChamber/images/output_1245.png,326,133,368,150,alpha
/content/CloudChamber/images/output_1246.png,328,136,372,153,alpha
/content/CloudChamber/images/output_1247.png,487,210,541,229,alpha
/content/CloudChamber/images/output_1248.png,496,211,545,237,alpha
/content/CloudChamber/images/output_1248.png,514,150,537,174,alpha
/content/CloudChamber/images/output_1249.png,519,157,548,184,alpha
/content/CloudChamber/images/output_1250.png,528,162,555,186,alpha
/content/CloudChamber/images/output_1255.png,109,271,164,318,alpha
/content/CloudChamber/images/output_1256.png,102,277,154,319,alpha
/content/CloudChamber/images/output_1258.png,333,36,349,91,alpha
/content/CloudChamber/images/output_1258.png,424,116,464,143,alpha
/content/CloudChamber/images/output_1259.png,333,33,357,93,alpha
/content/CloudChamber/images/output_1259.png,425,118,466,144,alpha
/content/CloudChamber/images/output_1260.png,337,31,353,77,alpha
/content/CloudChamber/images/output_1260.png,41,153,79,186,alpha
/content/CloudChamber/images/output_1260.png,283,316,308,331,alpha

